dsid,physics_identifier,process,etag,metadata_etag,campaigns,evnt_dataset,pmgl1,pmgl2,pmgl3,pmgl4,crossSection_pb,crossSection_nb,kFactor,genFiltEff,sigma_eff_pb,status
601500,PhPy8EG_PDF4LHC21_VBFH125_HZZ_4l_notau,H_ZZ_4l,e8558,e8558,mc23a+mc23d+mc23e,mc23_13p6TeV.601500.PhPy8EG_PDF4LHC21_VBFH125_HZZ_4l_notau.evgen.EVNT.e8558,Higgs,HZZ,Baseline,PowhegPythia8,5.248800E-04,5.248800E-07,0.9634,1.000000E+00,5.056694E-04,OK
601501,PhPy8EG_PDF4LHC21_WpH125J_Wincl_MINLO_HZZ_4l_notau,H_ZZ_4l,e8558,e8558,mc23a+mc23d+mc23e,mc23_13p6TeV.601501.PhPy8EG_PDF4LHC21_WpH125J_Wincl_MINLO_HZZ_4l_notau.evgen.EVNT.e8558,Higgs,HZZ,Baseline,PowhegPythia8,1.135300E-04,1.135300E-07,0.9709,1.000000E+00,1.102263E-04,OK
601502,PhPy8EG_PDF4LHC21_WmH125J_Wincl_MINLO_HZZ_4l_notau,H_ZZ_4l,e8558,e8558,mc23a+mc23d+mc23e,mc23_13p6TeV.601502.PhPy8EG_PDF4LHC21_WmH125J_Wincl_MINLO_HZZ_4l_notau.evgen.EVNT.e8558,Higgs,HZZ,Baseline,PowhegPythia8,7.150708E-05,7.150708E-08,0.9844,1.000000E+00,7.039157E-05,OK
601503,PhPy8EG_PDF4LHC21_ZH125J_Zincl_MINLO_HZZ_4l_notau,H_ZZ_4l,e8558,e8558,mc23a+mc23d+mc23e,mc23_13p6TeV.601503.PhPy8EG_PDF4LHC21_ZH125J_Zincl_MINLO_HZZ_4l_notau.evgen.EVNT.e8558,Higgs,HZZ,Baseline,PowhegPythia8,1.041100E-04,1.041100E-07,0.9623,1.000000E+00,1.001851E-04,OK
601504,PhPy8EG_PDF4LHC21_ggZH125_Zincl_HZZ_4l_notau,H_ZZ_4l,e8558,e8558,mc23a+mc23d+mc23e,mc23_13p6TeV.601504.PhPy8EG_PDF4LHC21_ggZH125_Zincl_HZZ_4l_notau.evgen.EVNT.e8558,Higgs,HZZ,Baseline,PowhegPythia8,7.421200E-06,7.421200E-09,2.2724,1.000000E+00,1.686393E-05,OK
601505,PhPy8EG_PDF4LHC21_inclusive_ttH125_HZZ_4l_notau,H_ZZ_4l,e8558,e8558,mc23a+mc23d+mc23e,mc23_13p6TeV.601505.PhPy8EG_PDF4LHC21_inclusive_ttH125_HZZ_4l_notau.evgen.EVNT.e8558,Higgs,HZZ,Baseline,PowhegPythia8,6.931800E-05,6.931800E-08,1.0197,1.000000E+00,7.068356E-05,OK
601634,PhPy8EG_PDF4LHC21_4FS_A14NNPDF_bbH_HZZ_4l_notau,H_ZZ_4l,e8558,e8558,mc23a+mc23d+mc23e,mc23_13p6TeV.601634.PhPy8EG_PDF4LHC21_4FS_A14NNPDF_bbH_HZZ_4l_notau.evgen.EVNT.e8558,Higgs,HZZ,Baseline,PowhegPythia8,6.487800E-05,6.487800E-08,1,1.000000E+00,6.487800E-05,OK
604263,PhPy8EG_Hto4l_NNLOPS_nnlo_30_ggH125_ZZ4l,H_ZZ_4l,e8601,e8601,mc23a+mc23d+mc23e,mc23_13p6TeV.604263.PhPy8EG_Hto4l_NNLOPS_nnlo_30_ggH125_ZZ4l.evgen.EVNT.e8601,Higgs,HZZ,Baseline,PowhegPythia8_Hto4l,3.827000E-03,3.827000E-06,1.6923,1.000000E+00,6.476432E-03,OK
701236,Sh_22_WWZ_4l2v_EW6,Tribosons,e8585,e8585,mc23a+mc23d+mc23e,mc23_13p6TeV.701236.Sh_22_WWZ_4l2v_EW6.evgen.EVNT.e8585,WeakBoson,Triboson,Baseline,Sherpa_2216,1.911800E-03,1.911800E-06,1,1.000000E+00,1.911800E-03,OK
701238,Sh_22_WZZ_5l1v_EW6,Tribosons,e8585,e8585,mc23a+mc23d+mc23e,mc23_13p6TeV.701238.Sh_22_WZZ_5l1v_EW6.evgen.EVNT.e8585,WeakBoson,Triboson,Baseline,Sherpa_2216,1.993800E-04,1.993800E-07,1,1.000000E+00,1.993800E-04,OK
701240,Sh_22_ZZZ_6l0v_EW6,Tribosons,e8585,e8585,mc23a+mc23d+mc23e,mc23_13p6TeV.701240.Sh_22_ZZZ_6l0v_EW6.evgen.EVNT.e8585,WeakBoson,Triboson,Baseline,Sherpa_2216,1.518600E-05,1.518600E-08,1,1.000000E+00,1.518600E-05,OK
701241,Sh_22_ZZZ_4l2v_EW6,Tribosons,e8585,e8585,mc23a+mc23d+mc23e,mc23_13p6TeV.701241.Sh_22_ZZZ_4l2v_EW6.evgen.EVNT.e8585,WeakBoson,Triboson,Baseline,Sherpa_2216,4.008500E-04,4.008500E-07,1,2.246322E-01,9.004382E-05,OK
603771,PhPy8EG_WZlllv_mll4,WZ,e8551,e8551,mc23a+mc23d+mc23e,mc23_13p6TeV.603771.PhPy8EG_WZlllv_mll4.evgen.EVNT.e8551,WeakBoson,Diboson,Alternative,PowhegPythia_QCD,4.888700E+00,4.888700E-03,1,1.000000E+00,4.888700E+00,OK
603293,PhPy8EG_NNPDF30_gg4l_noHiggs_m4l_70_3000,ZZ_4l,e8601,e8601,mc23a+mc23d+mc23e,mc23_13p6TeV.603293.PhPy8EG_NNPDF30_gg4l_noHiggs_m4l_70_3000.evgen.EVNT.e8601,WeakBoson,Diboson,Baseline,PowhegPythia-gg4l-m4l_70_3000-no_higgs,2.841885E-02,2.841885E-05,1,1.000000E+00,2.841885E-02,OK
701040,Sh_llll,ZZ_4l,e8582,e8582,mc23a+mc23d+mc23e,mc23_13p6TeV.701040.Sh_llll.evgen.EVNT.e8582,WeakBoson,Diboson,Baseline,Sherpa_22_QCD,1.331200E+00,1.331200E-03,1,1.000000E+00,1.331200E+00,OK
701185,Sh_2214_llll_m4l100_300_filt100_170,ZZ_4l,e8543,e8543,mc23a+mc23d+mc23e,mc23_13p6TeV.701185.Sh_2214_llll_m4l100_300_filt100_170.evgen.EVNT.e8543,WeakBoson,Diboson,Specialised,Sherpa_2214,3.648500E-01,3.648500E-04,1,1.514749E-01,5.526562E-02,OK
701190,Sh_2214_llll_m4l300,ZZ_4l,e8543,e8543,mc23a+mc23e,mc23_13p6TeV.701190.Sh_2214_llll_m4l300.evgen.EVNT.e8543,WeakBoson,Diboson,Specialised,Sherpa_2214,6.308000E-02,6.308000E-05,1,1.000000E+00,6.308000E-02,OK
700786,Sh_2214_Zee_maxHTpTV2_BFilter,Zjets_ee,e8514,e8514,mc23a+mc23d+mc23e,mc23_13p6TeV.700786.Sh_2214_Zee_maxHTpTV2_BFilter.evgen.EVNT.e8514,WeakBoson,Vjets,Baseline,Sherpa_2214,2.336000E+03,2.336000E+00,0.9332,2.557804E-02,5.575898E+01,OK
700787,Sh_2214_Zee_maxHTpTV2_CFilterBVeto,Zjets_ee,e8514,e8514,mc23a+mc23d+mc23e,mc23_13p6TeV.700787.Sh_2214_Zee_maxHTpTV2_CFilterBVeto.evgen.EVNT.e8514,WeakBoson,Vjets,Baseline,Sherpa_2214,2.336000E+03,2.336000E+00,0.9332,1.301337E-01,2.836856E+02,OK
700788,Sh_2214_Zee_maxHTpTV2_CVetoBVeto,Zjets_ee,e8514,e8514,mc23a+mc23d+mc23e,mc23_13p6TeV.700788.Sh_2214_Zee_maxHTpTV2_CVetoBVeto.evgen.EVNT.e8514,WeakBoson,Vjets,Baseline,Sherpa_2214,2.336000E+03,2.336000E+00,0.9332,8.442880E-01,1.840510E+03,OK
700789,Sh_2214_Zmumu_maxHTpTV2_BFilter,Zjets_mumu,e8514,e8514,mc23a+mc23d+mc23e,mc23_13p6TeV.700789.Sh_2214_Zmumu_maxHTpTV2_BFilter.evgen.EVNT.e8514,WeakBoson,Vjets,Baseline,Sherpa_2214,2.336100E+03,2.336100E+00,0.9332,2.502305E-02,5.455146E+01,OK
700790,Sh_2214_Zmumu_maxHTpTV2_CFilterBVeto,Zjets_mumu,e8514,e8514,mc23a+mc23d+mc23e,mc23_13p6TeV.700790.Sh_2214_Zmumu_maxHTpTV2_CFilterBVeto.evgen.EVNT.e8514,WeakBoson,Vjets,Baseline,Sherpa_2214,2.336100E+03,2.336100E+00,0.9332,1.304099E-01,2.842999E+02,OK
700791,Sh_2214_Zmumu_maxHTpTV2_CVetoBVeto,Zjets_mumu,e8514,e8514,mc23a+mc23d+mc23e,mc23_13p6TeV.700791.Sh_2214_Zmumu_maxHTpTV2_CVetoBVeto.evgen.EVNT.e8514,WeakBoson,Vjets,Baseline,Sherpa_2214,2.336100E+03,2.336100E+00,0.9332,8.445043E-01,1.841060E+03,OK
700792,Sh_2214_Ztautau_maxHTpTV2_BFilter,Zjets_tautau,e8514,e8514,mc23a+mc23d+mc23e,mc23_13p6TeV.700792.Sh_2214_Ztautau_maxHTpTV2_BFilter.evgen.EVNT.e8514,WeakBoson,Vjets,Baseline,Sherpa_2214,2.337200E+03,2.337200E+00,0.9332,2.547614E-02,5.556537E+01,OK
700793,Sh_2214_Ztautau_maxHTpTV2_CFilterBVeto,Zjets_tautau,e8514,e8514,mc23a+mc23d+mc23e,mc23_13p6TeV.700793.Sh_2214_Ztautau_maxHTpTV2_CFilterBVeto.evgen.EVNT.e8514,WeakBoson,Vjets,Baseline,Sherpa_2214,2.337100E+03,2.337100E+00,0.9332,1.303777E-01,2.843514E+02,OK
700794,Sh_2214_Ztautau_maxHTpTV2_CVetoBVeto,Zjets_tautau,e8514,e8514,mc23a+mc23d+mc23e,mc23_13p6TeV.700794.Sh_2214_Ztautau_maxHTpTV2_CVetoBVeto.evgen.EVNT.e8514,WeakBoson,Vjets,Baseline,Sherpa_2214,2.337100E+03,2.337100E+00,0.9332,8.441393E-01,1.841052E+03,OK
601230,PhPy8EG_A14_ttbar_hdamp258p75_dil,ttbar,e8514,e8514,mc23a+mc23d+mc23e,mc23_13p6TeV.601230.PhPy8EG_A14_ttbar_hdamp258p75_dil.evgen.EVNT.e8514,Top,TTbar,Baseline,PowhegPythia,8.548200E+01,8.548200E-02,1.13843,1.000000E+00,9.731560E+01,OK
701274,Sh_22_ttll_2LFilter,ttbarZ,e8532,e8532,mc23a+mc23d+mc23e,mc23_13p6TeV.701274.Sh_22_ttll_2LFilter.evgen.EVNT.e8532,Top,TTbarX,Baseline,Sherpa2214-ttll,1.398500E-01,1.398500E-04,0.988246,3.029878E-01,4.187480E-02,OK
