Physics_process_short,DSID,Physics_identifier,MC_campaign,ptag,vtag,sample_stem,Merged_file_path,Ntuple_events,Ntuple_size_GB,truth_llll_tlv_pt,llll_tlv_pt,q_truth,q_reco,ZdZd13TeV_commit,Status,Notes
H_ZZ_4l,601500,PhPy8EG_PDF4LHC21_VBFH125_HZZ_4l_notau,mc23a,p7266,v1,601500.PhPy8EG_PDF4LHC21_VBFH125_HZZ_4l_notau.mc23a.p7266.v1,/eos/atlas/atlascerngroupdisk/phys-hmbs/hlrs/ZdZd/ZdZd13TeV_Ntuples/bkg_Ntuples/H_ZZ_4l/601500.PhPy8EG_PDF4LHC21_VBFH125_HZZ_4l_notau.mc23a.p7266.v1.root,2190000,3.006,4277588,1351745,1.9532,0.6172,5d13c7264ca3,Merged,
H_ZZ_4l,601500,PhPy8EG_PDF4LHC21_VBFH125_HZZ_4l_notau,mc23d,p7266,v1,601500.PhPy8EG_PDF4LHC21_VBFH125_HZZ_4l_notau.mc23d.p7266.v1,/eos/atlas/atlascerngroupdisk/phys-hmbs/hlrs/ZdZd/ZdZd13TeV_Ntuples/bkg_Ntuples/H_ZZ_4l/601500.PhPy8EG_PDF4LHC21_VBFH125_HZZ_4l_notau.mc23d.p7266.v1.root,2200000,3.009,4297673,1326400,1.9535,0.6029,5d13c7264ca3,Merged,
H_ZZ_4l,601500,PhPy8EG_PDF4LHC21_VBFH125_HZZ_4l_notau,mc23e,p7266,v1,601500.PhPy8EG_PDF4LHC21_VBFH125_HZZ_4l_notau.mc23e.p7266.v1,/eos/atlas/atlascerngroupdisk/phys-hmbs/hlrs/ZdZd/ZdZd13TeV_Ntuples/bkg_Ntuples/H_ZZ_4l/601500.PhPy8EG_PDF4LHC21_VBFH125_HZZ_4l_notau.mc23e.p7266.v1.root,5320000,7.276,10395432,3209663,1.9540,0.6033,5d13c7264ca3,Merged,
H_ZZ_4l,601501,PhPy8EG_PDF4LHC21_WpH125J_Wincl_MINLO_HZZ_4l_notau,mc23a,p7266,v1,601501.PhPy8EG_PDF4LHC21_WpH125J_Wincl_MINLO_HZZ_4l_notau.mc23a.p7266.v1,/eos/atlas/atlascerngroupdisk/phys-hmbs/hlrs/ZdZd/ZdZd13TeV_Ntuples/bkg_Ntuples/H_ZZ_4l/601501.PhPy8EG_PDF4LHC21_WpH125J_Wincl_MINLO_HZZ_4l_notau.mc23a.p7266.v1.root,800000,1.134,1570856,530608,1.9636,0.6633,5d13c7264ca3,Merged,
H_ZZ_4l,601501,PhPy8EG_PDF4LHC21_WpH125J_Wincl_MINLO_HZZ_4l_notau,mc23d,p7266,v1,601501.PhPy8EG_PDF4LHC21_WpH125J_Wincl_MINLO_HZZ_4l_notau.mc23d.p7266.v1,/eos/atlas/atlascerngroupdisk/phys-hmbs/hlrs/ZdZd/ZdZd13TeV_Ntuples/bkg_Ntuples/H_ZZ_4l/601501.PhPy8EG_PDF4LHC21_WpH125J_Wincl_MINLO_HZZ_4l_notau.mc23d.p7266.v1.root,800000,1.13,1571218,518470,1.9640,0.6481,5d13c7264ca3,Merged,
H_ZZ_4l,601501,PhPy8EG_PDF4LHC21_WpH125J_Wincl_MINLO_HZZ_4l_notau,mc23e,p7266,v1,601501.PhPy8EG_PDF4LHC21_WpH125J_Wincl_MINLO_HZZ_4l_notau.mc23e.p7266.v1,/eos/atlas/atlascerngroupdisk/phys-hmbs/hlrs/ZdZd/ZdZd13TeV_Ntuples/bkg_Ntuples/H_ZZ_4l/601501.PhPy8EG_PDF4LHC21_WpH125J_Wincl_MINLO_HZZ_4l_notau.mc23e.p7266.v1.root,2000000,2.828,3929972,1297859,1.9650,0.6489,5d13c7264ca3,Merged,
H_ZZ_4l,601502,PhPy8EG_PDF4LHC21_WmH125J_Wincl_MINLO_HZZ_4l_notau,mc23a,p7266,v1,601502.PhPy8EG_PDF4LHC21_WmH125J_Wincl_MINLO_HZZ_4l_notau.mc23a.p7266.v1,/eos/atlas/atlascerngroupdisk/phys-hmbs/hlrs/ZdZd/ZdZd13TeV_Ntuples/bkg_Ntuples/H_ZZ_4l/601502.PhPy8EG_PDF4LHC21_WmH125J_Wincl_MINLO_HZZ_4l_notau.mc23a.p7266.v1.root,800000,1.165,1687839,582562,2.1098,0.7282,5d13c7264ca3,Merged,
H_ZZ_4l,601502,PhPy8EG_PDF4LHC21_WmH125J_Wincl_MINLO_HZZ_4l_notau,mc23d,p7266,v1,601502.PhPy8EG_PDF4LHC21_WmH125J_Wincl_MINLO_HZZ_4l_notau.mc23d.p7266.v1,/eos/atlas/atlascerngroupdisk/phys-hmbs/hlrs/ZdZd/ZdZd13TeV_Ntuples/bkg_Ntuples/H_ZZ_4l/601502.PhPy8EG_PDF4LHC21_WmH125J_Wincl_MINLO_HZZ_4l_notau.mc23d.p7266.v1.root,800000,1.161,1691385,570976,2.1142,0.7137,5d13c7264ca3,Merged,
H_ZZ_4l,601502,PhPy8EG_PDF4LHC21_WmH125J_Wincl_MINLO_HZZ_4l_notau,mc23e,p7266,v1,601502.PhPy8EG_PDF4LHC21_WmH125J_Wincl_MINLO_HZZ_4l_notau.mc23e.p7266.v1,/eos/atlas/atlascerngroupdisk/phys-hmbs/hlrs/ZdZd/ZdZd13TeV_Ntuples/bkg_Ntuples/H_ZZ_4l/601502.PhPy8EG_PDF4LHC21_WmH125J_Wincl_MINLO_HZZ_4l_notau.mc23e.p7266.v1.root,2000000,2.904,4218998,1425854,2.1095,0.7129,5d13c7264ca3,Merged,
H_ZZ_4l,601503,PhPy8EG_PDF4LHC21_ZH125J_Zincl_MINLO_HZZ_4l_notau,mc23a,p7266,v1,601503.PhPy8EG_PDF4LHC21_ZH125J_Zincl_MINLO_HZZ_4l_notau.mc23a.p7266.v1,/eos/atlas/atlascerngroupdisk/phys-hmbs/hlrs/ZdZd/ZdZd13TeV_Ntuples/bkg_Ntuples/H_ZZ_4l/601503.PhPy8EG_PDF4LHC21_ZH125J_Zincl_MINLO_HZZ_4l_notau.mc23a.p7266.v1.root,800000,1.211,1805555,636365,2.2569,0.7955,5d13c7264ca3,Merged,
H_ZZ_4l,601503,PhPy8EG_PDF4LHC21_ZH125J_Zincl_MINLO_HZZ_4l_notau,mc23d,p7266,v1,601503.PhPy8EG_PDF4LHC21_ZH125J_Zincl_MINLO_HZZ_4l_notau.mc23d.p7266.v1,/eos/atlas/atlascerngroupdisk/phys-hmbs/hlrs/ZdZd/ZdZd13TeV_Ntuples/bkg_Ntuples/H_ZZ_4l/601503.PhPy8EG_PDF4LHC21_ZH125J_Zincl_MINLO_HZZ_4l_notau.mc23d.p7266.v1.root,770000,1.161,1737928,593820,2.2570,0.7712,5d13c7264ca3,Merged,
H_ZZ_4l,601503,PhPy8EG_PDF4LHC21_ZH125J_Zincl_MINLO_HZZ_4l_notau,mc23e,p7266,v1,601503.PhPy8EG_PDF4LHC21_ZH125J_Zincl_MINLO_HZZ_4l_notau.mc23e.p7266.v1,/eos/atlas/atlascerngroupdisk/phys-hmbs/hlrs/ZdZd/ZdZd13TeV_Ntuples/bkg_Ntuples/H_ZZ_4l/601503.PhPy8EG_PDF4LHC21_ZH125J_Zincl_MINLO_HZZ_4l_notau.mc23e.p7266.v1.root,1990000,3.003,4493498,1546462,2.2580,0.7771,5d13c7264ca3,Merged,
H_ZZ_4l,601504,PhPy8EG_PDF4LHC21_ggZH125_Zincl_HZZ_4l_notau,mc23a,p7266,v1,601504.PhPy8EG_PDF4LHC21_ggZH125_Zincl_HZZ_4l_notau.mc23a.p7266.v1,/eos/atlas/atlascerngroupdisk/phys-hmbs/hlrs/ZdZd/ZdZd13TeV_Ntuples/bkg_Ntuples/H_ZZ_4l/601504.PhPy8EG_PDF4LHC21_ggZH125_Zincl_HZZ_4l_notau.mc23a.p7266.v1.root,300000,0.502,802691,316731,2.6756,1.0558,5d13c7264ca3,Merged,
H_ZZ_4l,601504,PhPy8EG_PDF4LHC21_ggZH125_Zincl_HZZ_4l_notau,mc23d,p7266,v1,601504.PhPy8EG_PDF4LHC21_ggZH125_Zincl_HZZ_4l_notau.mc23d.p7266.v1,/eos/atlas/atlascerngroupdisk/phys-hmbs/hlrs/ZdZd/ZdZd13TeV_Ntuples/bkg_Ntuples/H_ZZ_4l/601504.PhPy8EG_PDF4LHC21_ggZH125_Zincl_HZZ_4l_notau.mc23d.p7266.v1.root,300000,0.501,805440,312830,2.6848,1.0428,5d13c7264ca3,Merged,
H_ZZ_4l,601504,PhPy8EG_PDF4LHC21_ggZH125_Zincl_HZZ_4l_notau,mc23e,p7266,v1,601504.PhPy8EG_PDF4LHC21_ggZH125_Zincl_HZZ_4l_notau.mc23e.p7266.v1,/eos/atlas/atlascerngroupdisk/phys-hmbs/hlrs/ZdZd/ZdZd13TeV_Ntuples/bkg_Ntuples/H_ZZ_4l/601504.PhPy8EG_PDF4LHC21_ggZH125_Zincl_HZZ_4l_notau.mc23e.p7266.v1.root,900000,1.502,2415194,935855,2.6835,1.0398,5d13c7264ca3,Merged,
H_ZZ_4l,601505,PhPy8EG_PDF4LHC21_inclusive_ttH125_HZZ_4l_notau,mc23a,p7266,v1,601505.PhPy8EG_PDF4LHC21_inclusive_ttH125_HZZ_4l_notau.mc23a.p7266.v1,/eos/atlas/atlascerngroupdisk/phys-hmbs/hlrs/ZdZd/ZdZd13TeV_Ntuples/bkg_Ntuples/H_ZZ_4l/601505.PhPy8EG_PDF4LHC21_inclusive_ttH125_HZZ_4l_notau.mc23a.p7266.v1.root,1000000,1.94,2975209,1637521,2.9752,1.6375,5d13c7264ca3,Merged,
H_ZZ_4l,601505,PhPy8EG_PDF4LHC21_inclusive_ttH125_HZZ_4l_notau,mc23d,p7266,v1,601505.PhPy8EG_PDF4LHC21_inclusive_ttH125_HZZ_4l_notau.mc23d.p7266.v1,/eos/atlas/atlascerngroupdisk/phys-hmbs/hlrs/ZdZd/ZdZd13TeV_Ntuples/bkg_Ntuples/H_ZZ_4l/601505.PhPy8EG_PDF4LHC21_inclusive_ttH125_HZZ_4l_notau.mc23d.p7266.v1.root,990000,1.912,2947963,1588951,2.9777,1.6050,5d13c7264ca3,Merged,
H_ZZ_4l,601505,PhPy8EG_PDF4LHC21_inclusive_ttH125_HZZ_4l_notau,mc23e,p7266,v1,601505.PhPy8EG_PDF4LHC21_inclusive_ttH125_HZZ_4l_notau.mc23e.p7266.v1,/eos/atlas/atlascerngroupdisk/phys-hmbs/hlrs/ZdZd/ZdZd13TeV_Ntuples/bkg_Ntuples/H_ZZ_4l/601505.PhPy8EG_PDF4LHC21_inclusive_ttH125_HZZ_4l_notau.mc23e.p7266.v1.root,2200000,4.251,6546601,3542210,2.9757,1.6101,5d13c7264ca3,Merged,
H_ZZ_4l,601634,PhPy8EG_PDF4LHC21_4FS_A14NNPDF_bbH_HZZ_4l_notau,mc23a,p7266,v1,601634.PhPy8EG_PDF4LHC21_4FS_A14NNPDF_bbH_HZZ_4l_notau.mc23a.p7266.v1,/eos/atlas/atlascerngroupdisk/phys-hmbs/hlrs/ZdZd/ZdZd13TeV_Ntuples/bkg_Ntuples/H_ZZ_4l/601634.PhPy8EG_PDF4LHC21_4FS_A14NNPDF_bbH_HZZ_4l_notau.mc23a.p7266.v1.root,390000,0.523,747129,244580,1.9157,0.6271,5d13c7264ca3,Merged,
H_ZZ_4l,601634,PhPy8EG_PDF4LHC21_4FS_A14NNPDF_bbH_HZZ_4l_notau,mc23d,p7266,v1,601634.PhPy8EG_PDF4LHC21_4FS_A14NNPDF_bbH_HZZ_4l_notau.mc23d.p7266.v1,/eos/atlas/atlascerngroupdisk/phys-hmbs/hlrs/ZdZd/ZdZd13TeV_Ntuples/bkg_Ntuples/H_ZZ_4l/601634.PhPy8EG_PDF4LHC21_4FS_A14NNPDF_bbH_HZZ_4l_notau.mc23d.p7266.v1.root,400000,0.535,767137,245132,1.9178,0.6128,5d13c7264ca3,Merged,
H_ZZ_4l,601634,PhPy8EG_PDF4LHC21_4FS_A14NNPDF_bbH_HZZ_4l_notau,mc23e,p7266,v1,601634.PhPy8EG_PDF4LHC21_4FS_A14NNPDF_bbH_HZZ_4l_notau.mc23e.p7266.v1,/eos/atlas/atlascerngroupdisk/phys-hmbs/hlrs/ZdZd/ZdZd13TeV_Ntuples/bkg_Ntuples/H_ZZ_4l/601634.PhPy8EG_PDF4LHC21_4FS_A14NNPDF_bbH_HZZ_4l_notau.mc23e.p7266.v1.root,990000,1.322,1896637,606857,1.9158,0.6130,5d13c7264ca3,Merged,
H_ZZ_4l,604263,PhPy8EG_Hto4l_NNLOPS_nnlo_30_ggH125_ZZ4l,mc23a,p7266,v1,604263.PhPy8EG_Hto4l_NNLOPS_nnlo_30_ggH125_ZZ4l.mc23a.p7266.v1,/eos/atlas/atlascerngroupdisk/phys-hmbs/hlrs/ZdZd/ZdZd13TeV_Ntuples/bkg_Ntuples/H_ZZ_4l/604263.PhPy8EG_Hto4l_NNLOPS_nnlo_30_ggH125_ZZ4l.mc23a.p7266.v1.root,4000000,4.242,7378669,2259895,1.8447,0.5650,5d13c7264ca3,Merged,
H_ZZ_4l,604263,PhPy8EG_Hto4l_NNLOPS_nnlo_30_ggH125_ZZ4l,mc23d,p7266,v1,604263.PhPy8EG_Hto4l_NNLOPS_nnlo_30_ggH125_ZZ4l.mc23d.p7266.v1,/eos/atlas/atlascerngroupdisk/phys-hmbs/hlrs/ZdZd/ZdZd13TeV_Ntuples/bkg_Ntuples/H_ZZ_4l/604263.PhPy8EG_Hto4l_NNLOPS_nnlo_30_ggH125_ZZ4l.mc23d.p7266.v1.root,3980000,4.207,7347999,2194350,1.8462,0.5513,5d13c7264ca3,Merged,
H_ZZ_4l,604263,PhPy8EG_Hto4l_NNLOPS_nnlo_30_ggH125_ZZ4l,mc23e,p7266,v1,604263.PhPy8EG_Hto4l_NNLOPS_nnlo_30_ggH125_ZZ4l.mc23e.p7266.v1,/eos/atlas/atlascerngroupdisk/phys-hmbs/hlrs/ZdZd/ZdZd13TeV_Ntuples/bkg_Ntuples/H_ZZ_4l/604263.PhPy8EG_Hto4l_NNLOPS_nnlo_30_ggH125_ZZ4l.mc23e.p7266.v1.root,10970000,11.605,20253062,6064248,1.8462,0.5528,5d13c7264ca3,Merged,
ZZ_4l,603293,PhPy8EG_NNPDF30_gg4l_noHiggs_m4l_70_3000,mc23a,p7266,v1,603293.PhPy8EG_NNPDF30_gg4l_noHiggs_m4l_70_3000.mc23a.p7266.v1,/eos/atlas/atlascerngroupdisk/phys-hmbs/hlrs/ZdZd/ZdZd13TeV_Ntuples/bkg_Ntuples/ZZ_4l/603293.PhPy8EG_NNPDF30_gg4l_noHiggs_m4l_70_3000.mc23a.p7266.v1.root,2940000,3.566,5709486,933010,1.9420,0.3174,5d13c7264ca3,Merged,
ZZ_4l,603293,PhPy8EG_NNPDF30_gg4l_noHiggs_m4l_70_3000,mc23d,p7266,v1,603293.PhPy8EG_NNPDF30_gg4l_noHiggs_m4l_70_3000.mc23d.p7266.v1,/eos/atlas/atlascerngroupdisk/phys-hmbs/hlrs/ZdZd/ZdZd13TeV_Ntuples/bkg_Ntuples/ZZ_4l/603293.PhPy8EG_NNPDF30_gg4l_noHiggs_m4l_70_3000.mc23d.p7266.v1.root,2940000,3.561,5711982,915994,1.9429,0.3116,5d13c7264ca3,Merged,
ZZ_4l,603293,PhPy8EG_NNPDF30_gg4l_noHiggs_m4l_70_3000,mc23e,p7266,v1,603293.PhPy8EG_NNPDF30_gg4l_noHiggs_m4l_70_3000.mc23e.p7266.v1,/eos/atlas/atlascerngroupdisk/phys-hmbs/hlrs/ZdZd/ZdZd13TeV_Ntuples/bkg_Ntuples/ZZ_4l/603293.PhPy8EG_NNPDF30_gg4l_noHiggs_m4l_70_3000.mc23e.p7266.v1.root,8780000,10.627,17040395,2730981,1.9408,0.3110,5d13c7264ca3,Merged,
ZZ_4l,701040,Sh_llll,mc23a,p7266,v1,701040.Sh_llll.mc23a.p7266.v1,/eos/atlas/atlascerngroupdisk/phys-hmbs/hlrs/ZdZd/ZdZd13TeV_Ntuples/bkg_Ntuples/ZZ_4l/701040.Sh_llll.mc23a.p7266.v1.root,49670000,28.812,44649821,5268323,0.8989,0.1061,5d13c7264ca3,Merged,
ZZ_4l,701040,Sh_llll,mc23d,p7266,v1,701040.Sh_llll.mc23d.p7266.v1,/eos/atlas/atlascerngroupdisk/phys-hmbs/hlrs/ZdZd/ZdZd13TeV_Ntuples/bkg_Ntuples/ZZ_4l/701040.Sh_llll.mc23d.p7266.v1.root,49740000,28.862,44707056,5169769,0.8988,0.1039,5d13c7264ca3,Merged,
ZZ_4l,701040,Sh_llll,mc23e,p7266,v1,701040.Sh_llll.mc23e.p7266.v1,/eos/atlas/atlascerngroupdisk/phys-hmbs/hlrs/ZdZd/ZdZd13TeV_Ntuples/bkg_Ntuples/ZZ_4l/701040.Sh_llll.mc23e.p7266.v1.root,104740000,60.693,94131966,10899352,0.8987,0.1041,5d13c7264ca3,Merged,
ZZ_4l,701185,Sh_2214_llll_m4l100_300_filt100_170,mc23a,p7266,v1,701185.Sh_2214_llll_m4l100_300_filt100_170.mc23a.p7266.v1,/eos/atlas/atlascerngroupdisk/phys-hmbs/hlrs/ZdZd/ZdZd13TeV_Ntuples/bkg_Ntuples/ZZ_4l/701185.Sh_2214_llll_m4l100_300_filt100_170.mc23a.p7266.v1.root,9870000,7.062,14452142,2777495,1.4642,0.2814,5d13c7264ca3,Merged,
ZZ_4l,701185,Sh_2214_llll_m4l100_300_filt100_170,mc23d,p7266,v1,701185.Sh_2214_llll_m4l100_300_filt100_170.mc23d.p7266.v1,/eos/atlas/atlascerngroupdisk/phys-hmbs/hlrs/ZdZd/ZdZd13TeV_Ntuples/bkg_Ntuples/ZZ_4l/701185.Sh_2214_llll_m4l100_300_filt100_170.mc23d.p7266.v1.root,9650000,6.879,14131777,2650402,1.4644,0.2747,5d13c7264ca3,Merged,
ZZ_4l,701185,Sh_2214_llll_m4l100_300_filt100_170,mc23e,p7266,v1,701185.Sh_2214_llll_m4l100_300_filt100_170.mc23e.p7266.v1,/eos/atlas/atlascerngroupdisk/phys-hmbs/hlrs/ZdZd/ZdZd13TeV_Ntuples/bkg_Ntuples/ZZ_4l/701185.Sh_2214_llll_m4l100_300_filt100_170.mc23e.p7266.v1.root,34910000,24.905,51113757,9605111,1.4642,0.2751,5d13c7264ca3,Merged,
ZZ_4l,701190,Sh_2214_llll_m4l300,mc23a,p7266,v1,701190.Sh_2214_llll_m4l300.mc23a.p7266.v1,/eos/atlas/atlascerngroupdisk/phys-hmbs/hlrs/ZdZd/ZdZd13TeV_Ntuples/bkg_Ntuples/ZZ_4l/701190.Sh_2214_llll_m4l300.mc23a.p7266.v1.root,9240000,6.451,12677968,2156319,1.3721,0.2334,5d13c7264ca3,Merged,
ZZ_4l,701190,Sh_2214_llll_m4l300,mc23e,p7266,v1,701190.Sh_2214_llll_m4l300.mc23e.p7266.v1,/eos/atlas/atlascerngroupdisk/phys-hmbs/hlrs/ZdZd/ZdZd13TeV_Ntuples/bkg_Ntuples/ZZ_4l/701190.Sh_2214_llll_m4l300.mc23e.p7266.v1.root,17480000,12.183,23978884,4007395,1.3718,0.2293,5d13c7264ca3,Merged,
Tribosons,701236,Sh_22_WWZ_4l2v_EW6,mc23a,p7266,v1,701236.Sh_22_WWZ_4l2v_EW6.mc23a.p7266.v1,/eos/atlas/atlascerngroupdisk/phys-hmbs/hlrs/ZdZd/ZdZd13TeV_Ntuples/bkg_Ntuples/Tribosons/701236.Sh_22_WWZ_4l2v_EW6.mc23a.p7266.v1.root,100000,0.079,63119,15263,0.6312,0.1526,5d13c7264ca3,Merged,
Tribosons,701236,Sh_22_WWZ_4l2v_EW6,mc23d,p7266,v1,701236.Sh_22_WWZ_4l2v_EW6.mc23d.p7266.v1,/eos/atlas/atlascerngroupdisk/phys-hmbs/hlrs/ZdZd/ZdZd13TeV_Ntuples/bkg_Ntuples/Tribosons/701236.Sh_22_WWZ_4l2v_EW6.mc23d.p7266.v1.root,100000,0.079,62159,15215,0.6216,0.1522,5d13c7264ca3,Merged,
Tribosons,701236,Sh_22_WWZ_4l2v_EW6,mc23e,p7266,v1,701236.Sh_22_WWZ_4l2v_EW6.mc23e.p7266.v1,/eos/atlas/atlascerngroupdisk/phys-hmbs/hlrs/ZdZd/ZdZd13TeV_Ntuples/bkg_Ntuples/Tribosons/701236.Sh_22_WWZ_4l2v_EW6.mc23e.p7266.v1.root,400000,0.314,250456,60060,0.6261,0.1502,5d13c7264ca3,Merged,
Tribosons,701238,Sh_22_WZZ_5l1v_EW6,mc23a,p7266,v1,701238.Sh_22_WZZ_5l1v_EW6.mc23a.p7266.v1,/eos/atlas/atlascerngroupdisk/phys-hmbs/hlrs/ZdZd/ZdZd13TeV_Ntuples/bkg_Ntuples/Tribosons/701238.Sh_22_WZZ_5l1v_EW6.mc23a.p7266.v1.root,100000,0.13,261548,65475,2.6155,0.6548,5d13c7264ca3,Merged,
Tribosons,701238,Sh_22_WZZ_5l1v_EW6,mc23d,p7266,v1,701238.Sh_22_WZZ_5l1v_EW6.mc23d.p7266.v1,/eos/atlas/atlascerngroupdisk/phys-hmbs/hlrs/ZdZd/ZdZd13TeV_Ntuples/bkg_Ntuples/Tribosons/701238.Sh_22_WZZ_5l1v_EW6.mc23d.p7266.v1.root,100000,0.13,261793,66001,2.6179,0.6600,5d13c7264ca3,Merged,
Tribosons,701238,Sh_22_WZZ_5l1v_EW6,mc23e,p7266,v1,701238.Sh_22_WZZ_5l1v_EW6.mc23e.p7266.v1,/eos/atlas/atlascerngroupdisk/phys-hmbs/hlrs/ZdZd/ZdZd13TeV_Ntuples/bkg_Ntuples/Tribosons/701238.Sh_22_WZZ_5l1v_EW6.mc23e.p7266.v1.root,380000,0.494,991859,246704,2.6102,0.6492,5d13c7264ca3,Merged,
Tribosons,701240,Sh_22_ZZZ_6l0v_EW6,mc23a,p7266,v1,701240.Sh_22_ZZZ_6l0v_EW6.mc23a.p7266.v1,/eos/atlas/atlascerngroupdisk/phys-hmbs/hlrs/ZdZd/ZdZd13TeV_Ntuples/bkg_Ntuples/Tribosons/701240.Sh_22_ZZZ_6l0v_EW6.mc23a.p7266.v1.root,100000,0.195,619962,190946,6.1996,1.9095,5d13c7264ca3,Merged,
Tribosons,701240,Sh_22_ZZZ_6l0v_EW6,mc23d,p7266,v1,701240.Sh_22_ZZZ_6l0v_EW6.mc23d.p7266.v1,/eos/atlas/atlascerngroupdisk/phys-hmbs/hlrs/ZdZd/ZdZd13TeV_Ntuples/bkg_Ntuples/Tribosons/701240.Sh_22_ZZZ_6l0v_EW6.mc23d.p7266.v1.root,100000,0.195,619513,189726,6.1951,1.8973,5d13c7264ca3,Merged,
Tribosons,701240,Sh_22_ZZZ_6l0v_EW6,mc23e,p7266,v1,701240.Sh_22_ZZZ_6l0v_EW6.mc23e.p7266.v1,/eos/atlas/atlascerngroupdisk/phys-hmbs/hlrs/ZdZd/ZdZd13TeV_Ntuples/bkg_Ntuples/Tribosons/701240.Sh_22_ZZZ_6l0v_EW6.mc23e.p7266.v1.root,400000,0.777,2476091,750152,6.1902,1.8754,5d13c7264ca3,Merged,
Tribosons,701241,Sh_22_ZZZ_4l2v_EW6,mc23a,p7266,v1,701241.Sh_22_ZZZ_4l2v_EW6.mc23a.p7266.v1,/eos/atlas/atlascerngroupdisk/phys-hmbs/hlrs/ZdZd/ZdZd13TeV_Ntuples/bkg_Ntuples/Tribosons/701241.Sh_22_ZZZ_4l2v_EW6.mc23a.p7266.v1.root,100000,0.114,183568,35166,1.8357,0.3517,5d13c7264ca3,Merged,
Tribosons,701241,Sh_22_ZZZ_4l2v_EW6,mc23d,p7266,v1,701241.Sh_22_ZZZ_4l2v_EW6.mc23d.p7266.v1,/eos/atlas/atlascerngroupdisk/phys-hmbs/hlrs/ZdZd/ZdZd13TeV_Ntuples/bkg_Ntuples/Tribosons/701241.Sh_22_ZZZ_4l2v_EW6.mc23d.p7266.v1.root,100000,0.113,183552,34603,1.8355,0.3460,5d13c7264ca3,Merged,
Tribosons,701241,Sh_22_ZZZ_4l2v_EW6,mc23e,p7266,v1,701241.Sh_22_ZZZ_4l2v_EW6.mc23e.p7266.v1,/eos/atlas/atlascerngroupdisk/phys-hmbs/hlrs/ZdZd/ZdZd13TeV_Ntuples/bkg_Ntuples/Tribosons/701241.Sh_22_ZZZ_4l2v_EW6.mc23e.p7266.v1.root,400000,0.454,735038,137351,1.8376,0.3434,5d13c7264ca3,Merged,
ttbarZ,701274,Sh_22_ttll_2LFilter,mc23a,p7266,v1,701274.Sh_22_ttll_2LFilter.mc23a.p7266.v1,/eos/atlas/atlascerngroupdisk/phys-hmbs/hlrs/ZdZd/ZdZd13TeV_Ntuples/bkg_Ntuples/ttbarZ/701274.Sh_22_ttll_2LFilter.mc23a.p7266.v1.root,3140000,1.13,61062,8162,0.0194,0.0026,5d13c7264ca3,Merged,
ttbarZ,701274,Sh_22_ttll_2LFilter,mc23d,p7266,v1,701274.Sh_22_ttll_2LFilter.mc23d.p7266.v1,/eos/atlas/atlascerngroupdisk/phys-hmbs/hlrs/ZdZd/ZdZd13TeV_Ntuples/bkg_Ntuples/ttbarZ/701274.Sh_22_ttll_2LFilter.mc23d.p7266.v1.root,3140000,1.13,61251,8062,0.0195,0.0026,5d13c7264ca3,Merged,
ttbarZ,701274,Sh_22_ttll_2LFilter,mc23e,p7266,v1,701274.Sh_22_ttll_2LFilter.mc23e.p7266.v1,/eos/atlas/atlascerngroupdisk/phys-hmbs/hlrs/ZdZd/ZdZd13TeV_Ntuples/bkg_Ntuples/ttbarZ/701274.Sh_22_ttll_2LFilter.mc23e.p7266.v1.root,11550000,4.157,223750,29826,0.0194,0.0026,5d13c7264ca3,Merged,
