file,mc_channel_number,counter,sumw,sumw2,entries,n_cycles_summed
/eos/atlas/atlascerngroupdisk/phys-hmbs/hlrs/ZdZd/ZdZd13TeV_Ntuples/bkg_Ntuples/H_ZZ_4l/601500.PhPy8EG_PDF4LHC21_VBFH125_HZZ_4l_notau.mc23a.p7266.v1.root,601500,Events_Processed,9270621.082026482,40488241.45834304,2190000,1
/eos/atlas/atlascerngroupdisk/phys-hmbs/hlrs/ZdZd/ZdZd13TeV_Ntuples/bkg_Ntuples/H_ZZ_4l/601500.PhPy8EG_PDF4LHC21_VBFH125_HZZ_4l_notau.mc23d.p7266.v1.root,601500,Events_Processed,9313950.60699892,40698148.39590577,2200000,1
/eos/atlas/atlascerngroupdisk/phys-hmbs/hlrs/ZdZd/ZdZd13TeV_Ntuples/bkg_Ntuples/H_ZZ_4l/601500.PhPy8EG_PDF4LHC21_VBFH125_HZZ_4l_notau.mc23e.p7266.v1.root,601500,Events_Processed,22517448.305128574,98252533.77630955,5320000,1
/eos/atlas/atlascerngroupdisk/phys-hmbs/hlrs/ZdZd/ZdZd13TeV_Ntuples/bkg_Ntuples/H_ZZ_4l/601501.PhPy8EG_PDF4LHC21_WpH125J_Wincl_MINLO_HZZ_4l_notau.mc23a.p7266.v1.root,601501,Events_Processed,733775.1381102204,2640992.801171953,800000,1
/eos/atlas/atlascerngroupdisk/phys-hmbs/hlrs/ZdZd/ZdZd13TeV_Ntuples/bkg_Ntuples/H_ZZ_4l/601501.PhPy8EG_PDF4LHC21_WpH125J_Wincl_MINLO_HZZ_4l_notau.mc23d.p7266.v1.root,601501,Events_Processed,736375.6174387336,14880818.038803272,800000,1
/eos/atlas/atlascerngroupdisk/phys-hmbs/hlrs/ZdZd/ZdZd13TeV_Ntuples/bkg_Ntuples/H_ZZ_4l/601501.PhPy8EG_PDF4LHC21_WpH125J_Wincl_MINLO_HZZ_4l_notau.mc23e.p7266.v1.root,601501,Events_Processed,1831002.1312360168,1782932.006479351,2000000,1
/eos/atlas/atlascerngroupdisk/phys-hmbs/hlrs/ZdZd/ZdZd13TeV_Ntuples/bkg_Ntuples/H_ZZ_4l/601502.PhPy8EG_PDF4LHC21_WmH125J_Wincl_MINLO_HZZ_4l_notau.mc23a.p7266.v1.root,601502,Events_Processed,461370.15022432804,293655.462845012,800000,1
/eos/atlas/atlascerngroupdisk/phys-hmbs/hlrs/ZdZd/ZdZd13TeV_Ntuples/bkg_Ntuples/H_ZZ_4l/601502.PhPy8EG_PDF4LHC21_WmH125J_Wincl_MINLO_HZZ_4l_notau.mc23d.p7266.v1.root,601502,Events_Processed,461279.769503057,279121.34583862853,800000,1
/eos/atlas/atlascerngroupdisk/phys-hmbs/hlrs/ZdZd/ZdZd13TeV_Ntuples/bkg_Ntuples/H_ZZ_4l/601502.PhPy8EG_PDF4LHC21_WmH125J_Wincl_MINLO_HZZ_4l_notau.mc23e.p7266.v1.root,601502,Events_Processed,1153805.4004718661,867270.954357605,2000000,1
/eos/atlas/atlascerngroupdisk/phys-hmbs/hlrs/ZdZd/ZdZd13TeV_Ntuples/bkg_Ntuples/H_ZZ_4l/601503.PhPy8EG_PDF4LHC21_ZH125J_Zincl_MINLO_HZZ_4l_notau.mc23a.p7266.v1.root,601503,Events_Processed,668335.1733394861,18093642.362970203,800000,1
/eos/atlas/atlascerngroupdisk/phys-hmbs/hlrs/ZdZd/ZdZd13TeV_Ntuples/bkg_Ntuples/H_ZZ_4l/601503.PhPy8EG_PDF4LHC21_ZH125J_Zincl_MINLO_HZZ_4l_notau.mc23d.p7266.v1.root,601503,Events_Processed,647863.0928028226,1202213.5599375262,770000,1
/eos/atlas/atlascerngroupdisk/phys-hmbs/hlrs/ZdZd/ZdZd13TeV_Ntuples/bkg_Ntuples/H_ZZ_4l/601503.PhPy8EG_PDF4LHC21_ZH125J_Zincl_MINLO_HZZ_4l_notau.mc23e.p7266.v1.root,601503,Events_Processed,1669370.7172510028,6012853.867150996,1990000,1
/eos/atlas/atlascerngroupdisk/phys-hmbs/hlrs/ZdZd/ZdZd13TeV_Ntuples/bkg_Ntuples/H_ZZ_4l/601504.PhPy8EG_PDF4LHC21_ggZH125_Zincl_HZZ_4l_notau.mc23a.p7266.v1.root,601504,Events_Processed,17954.632494941354,1075.1330637119338,300000,1
/eos/atlas/atlascerngroupdisk/phys-hmbs/hlrs/ZdZd/ZdZd13TeV_Ntuples/bkg_Ntuples/H_ZZ_4l/601504.PhPy8EG_PDF4LHC21_ggZH125_Zincl_HZZ_4l_notau.mc23d.p7266.v1.root,601504,Events_Processed,17953.816582515836,1074.988180880706,300000,1
/eos/atlas/atlascerngroupdisk/phys-hmbs/hlrs/ZdZd/ZdZd13TeV_Ntuples/bkg_Ntuples/H_ZZ_4l/601504.PhPy8EG_PDF4LHC21_ggZH125_Zincl_HZZ_4l_notau.mc23e.p7266.v1.root,601504,Events_Processed,53864.342000160366,3228.1523674898285,900000,1
/eos/atlas/atlascerngroupdisk/phys-hmbs/hlrs/ZdZd/ZdZd13TeV_Ntuples/bkg_Ntuples/H_ZZ_4l/601505.PhPy8EG_PDF4LHC21_inclusive_ttH125_HZZ_4l_notau.mc23a.p7266.v1.root,601505,Events_Processed,559057.5062456131,321964.31307232886,1000000,1
/eos/atlas/atlascerngroupdisk/phys-hmbs/hlrs/ZdZd/ZdZd13TeV_Ntuples/bkg_Ntuples/H_ZZ_4l/601505.PhPy8EG_PDF4LHC21_inclusive_ttH125_HZZ_4l_notau.mc23d.p7266.v1.root,601505,Events_Processed,553578.508453846,318744.669941605,990000,1
/eos/atlas/atlascerngroupdisk/phys-hmbs/hlrs/ZdZd/ZdZd13TeV_Ntuples/bkg_Ntuples/H_ZZ_4l/601505.PhPy8EG_PDF4LHC21_inclusive_ttH125_HZZ_4l_notau.mc23e.p7266.v1.root,601505,Events_Processed,1229579.934219718,708321.488759116,2200000,1
/eos/atlas/atlascerngroupdisk/phys-hmbs/hlrs/ZdZd/ZdZd13TeV_Ntuples/bkg_Ntuples/H_ZZ_4l/601634.PhPy8EG_PDF4LHC21_4FS_A14NNPDF_bbH_HZZ_4l_notau.mc23a.p7266.v1.root,601634,Events_Processed,260678.5345183015,1876578109.2596226,390000,1
/eos/atlas/atlascerngroupdisk/phys-hmbs/hlrs/ZdZd/ZdZd13TeV_Ntuples/bkg_Ntuples/H_ZZ_4l/601634.PhPy8EG_PDF4LHC21_4FS_A14NNPDF_bbH_HZZ_4l_notau.mc23d.p7266.v1.root,601634,Events_Processed,206135.86387360096,1180473.1391035274,400000,1
/eos/atlas/atlascerngroupdisk/phys-hmbs/hlrs/ZdZd/ZdZd13TeV_Ntuples/bkg_Ntuples/H_ZZ_4l/601634.PhPy8EG_PDF4LHC21_4FS_A14NNPDF_bbH_HZZ_4l_notau.mc23e.p7266.v1.root,601634,Events_Processed,518356.29128164053,11329098.68845589,990000,1
/eos/atlas/atlascerngroupdisk/phys-hmbs/hlrs/ZdZd/ZdZd13TeV_Ntuples/bkg_Ntuples/H_ZZ_4l/604263.PhPy8EG_Hto4l_NNLOPS_nnlo_30_ggH125_ZZ4l.mc23a.p7266.v1.root,604263,Events_Processed,123500622.30521393,4695335440.626686,4000000,1
/eos/atlas/atlascerngroupdisk/phys-hmbs/hlrs/ZdZd/ZdZd13TeV_Ntuples/bkg_Ntuples/H_ZZ_4l/604263.PhPy8EG_Hto4l_NNLOPS_nnlo_30_ggH125_ZZ4l.mc23d.p7266.v1.root,604263,Events_Processed,122899637.5240078,5186411895.880067,3980000,1
/eos/atlas/atlascerngroupdisk/phys-hmbs/hlrs/ZdZd/ZdZd13TeV_Ntuples/bkg_Ntuples/H_ZZ_4l/604263.PhPy8EG_Hto4l_NNLOPS_nnlo_30_ggH125_ZZ4l.mc23e.p7266.v1.root,604263,Events_Processed,338696449.4761658,12547586607.385307,10970000,1
/eos/atlas/atlascerngroupdisk/phys-hmbs/hlrs/ZdZd/ZdZd13TeV_Ntuples/bkg_Ntuples/ZZ_4l/603293.PhPy8EG_NNPDF30_gg4l_noHiggs_m4l_70_3000.mc23d.p7266.v1.root,603293,Events_Processed,18686.946137133054,123.35234686907043,2940000,1
/eos/atlas/atlascerngroupdisk/phys-hmbs/hlrs/ZdZd/ZdZd13TeV_Ntuples/bkg_Ntuples/ZZ_4l/603293.PhPy8EG_NNPDF30_gg4l_noHiggs_m4l_70_3000.mc23e.p7266.v1.root,603293,Events_Processed,55810.11160120275,368.37877738824193,8780000,1
/eos/atlas/atlascerngroupdisk/phys-hmbs/hlrs/ZdZd/ZdZd13TeV_Ntuples/bkg_Ntuples/ZZ_4l/701040.Sh_llll.mc23d.p7266.v1.root,701040,Events_Processed,1688205512383.5225,1.6670101567552742e+17,49740000,1
/eos/atlas/atlascerngroupdisk/phys-hmbs/hlrs/ZdZd/ZdZd13TeV_Ntuples/bkg_Ntuples/ZZ_4l/701185.Sh_2214_llll_m4l100_300_filt100_170.mc23e.p7266.v1.root,701185,Events_Processed,178270581124.28094,1707424313174592.5,34910000,1
/eos/atlas/atlascerngroupdisk/phys-hmbs/hlrs/ZdZd/ZdZd13TeV_Ntuples/bkg_Ntuples/Tribosons/701236.Sh_22_WWZ_4l2v_EW6.mc23a.p7266.v1.root,701236,Events_Processed,91890.9654559493,100705.98361282928,100000,1
/eos/atlas/atlascerngroupdisk/phys-hmbs/hlrs/ZdZd/ZdZd13TeV_Ntuples/bkg_Ntuples/Tribosons/701236.Sh_22_WWZ_4l2v_EW6.mc23d.p7266.v1.root,701236,Events_Processed,91745.39188480377,100212.5630478645,100000,1
/eos/atlas/atlascerngroupdisk/phys-hmbs/hlrs/ZdZd/ZdZd13TeV_Ntuples/bkg_Ntuples/Tribosons/701236.Sh_22_WWZ_4l2v_EW6.mc23e.p7266.v1.root,701236,Events_Processed,368020.5299692154,402700.65231137635,400000,1
/eos/atlas/atlascerngroupdisk/phys-hmbs/hlrs/ZdZd/ZdZd13TeV_Ntuples/bkg_Ntuples/Tribosons/701238.Sh_22_WZZ_5l1v_EW6.mc23a.p7266.v1.root,701238,Events_Processed,6909.718929722905,600.9658345542936,100000,1
/eos/atlas/atlascerngroupdisk/phys-hmbs/hlrs/ZdZd/ZdZd13TeV_Ntuples/bkg_Ntuples/Tribosons/701238.Sh_22_WZZ_5l1v_EW6.mc23d.p7266.v1.root,701238,Events_Processed,6905.025133624673,600.297710874515,100000,1
/eos/atlas/atlascerngroupdisk/phys-hmbs/hlrs/ZdZd/ZdZd13TeV_Ntuples/bkg_Ntuples/Tribosons/701238.Sh_22_WZZ_5l1v_EW6.mc23e.p7266.v1.root,701238,Events_Processed,26188.754522800446,2274.075957736905,380000,1
/eos/atlas/atlascerngroupdisk/phys-hmbs/hlrs/ZdZd/ZdZd13TeV_Ntuples/bkg_Ntuples/Tribosons/701240.Sh_22_ZZZ_6l0v_EW6.mc23a.p7266.v1.root,701240,Events_Processed,269.73365656030364,0.9874890100488413,100000,1
/eos/atlas/atlascerngroupdisk/phys-hmbs/hlrs/ZdZd/ZdZd13TeV_Ntuples/bkg_Ntuples/Tribosons/701240.Sh_22_ZZZ_6l0v_EW6.mc23d.p7266.v1.root,701240,Events_Processed,269.52310295123607,0.9821818521712669,100000,1
/eos/atlas/atlascerngroupdisk/phys-hmbs/hlrs/ZdZd/ZdZd13TeV_Ntuples/bkg_Ntuples/Tribosons/701240.Sh_22_ZZZ_6l0v_EW6.mc23e.p7266.v1.root,701240,Events_Processed,1076.8438311850186,3.939079282662906,400000,1
/eos/atlas/atlascerngroupdisk/phys-hmbs/hlrs/ZdZd/ZdZd13TeV_Ntuples/bkg_Ntuples/Tribosons/701241.Sh_22_ZZZ_4l2v_EW6.mc23a.p7266.v1.root,701241,Events_Processed,7120.521831505001,687.6596242101929,100000,1
/eos/atlas/atlascerngroupdisk/phys-hmbs/hlrs/ZdZd/ZdZd13TeV_Ntuples/bkg_Ntuples/Tribosons/701241.Sh_22_ZZZ_4l2v_EW6.mc23d.p7266.v1.root,701241,Events_Processed,7125.111393459141,693.7219415320686,100000,1
/eos/atlas/atlascerngroupdisk/phys-hmbs/hlrs/ZdZd/ZdZd13TeV_Ntuples/bkg_Ntuples/Tribosons/701241.Sh_22_ZZZ_4l2v_EW6.mc23e.p7266.v1.root,701241,Events_Processed,28432.20494621992,2737.7726567285854,400000,1
/eos/atlas/atlascerngroupdisk/phys-hmbs/hlrs/ZdZd/ZdZd13TeV_Ntuples/bkg_Ntuples/ttbarZ/701274.Sh_22_ttll_2LFilter.mc23a.p7266.v1.root,701274,Events_Processed,4346114813.148351,13952966950066.584,3140000,1
/eos/atlas/atlascerngroupdisk/phys-hmbs/hlrs/ZdZd/ZdZd13TeV_Ntuples/bkg_Ntuples/ttbarZ/701274.Sh_22_ttll_2LFilter.mc23d.p7266.v1.root,701274,Events_Processed,4347517855.095426,14905236419631.82,3140000,1
/eos/atlas/atlascerngroupdisk/phys-hmbs/hlrs/ZdZd/ZdZd13TeV_Ntuples/bkg_Ntuples/ZZ_4l/701040.Sh_llll.mc23a.p7266.v1.root,701040,Events_Processed,1686033314250.0,1.37304988989e+17,49670000,6
/eos/atlas/atlascerngroupdisk/phys-hmbs/hlrs/ZdZd/ZdZd13TeV_Ntuples/bkg_Ntuples/ZZ_4l/701040.Sh_llll.mc23e.p7266.v1.root,701040,Events_Processed,3555991941900.0,2.9261166134e+17,104740000,11
